{
  "format_version" : "1.10.0",
  "animation_controllers" : {
    "controller.animation.plane" : {
      "initial_state" : "default",
      "states" : {
        "default" : {
          "animations" : [
            { "stop" : "!query.modified_move_speed" },
            { "walk" : "query.modified_move_speed" }
          ],
          "transitions" : [
            {
              "fly" : "q.variant == 1"
            }
          ]
        },
        "fly" : {
          "animations" : [ "fly" ],
          "blend_transition" : 0.2,
          "blend_via_shortest_path" : true,
          "transitions" : [
            {
              "default" : "query.variant == 0"
            }
          ]
        }
      }
    }
  }
}