{
	"format_version": "1.8.0",
	"animations": {
		"animation.plane.stop": {
			"loop": true,
			"bones": {
				"bone": {
					"rotation": [-2.5, 0, 0]
				}
			}
		},
		"animation.plane.walk": {
			"loop": true,
			"bones": {
				"bone": {
					"rotation": [-2.5, 0, 0]
				},
				"helice": {
					"rotation": [0, 0, "q.anim_time * 1000"]
				}
			}
		},
		"animation.plane.fly": {
			"loop": true,
			"bones": {
				"bone": {
					"rotation": [0, 0, 0]
				},
				"helice": {
					"rotation": [0, 0, "q.anim_time * 2000"]
				},
				"root": {
					"rotation": ["q.target_x_rotation", 0, "q.target_y_rotation"]
				}
			}
		}
	}
}
										
										
										
										
										
										
										
										
										
										
										
																			
										