{
  "format_version": "1.16.0",
  "minecraft:client_entity": {
    "description": {
      "identifier": "wesl3y:plane",
      "materials": {
        "default": "entity_alphatest"
      },
      "textures": {
        "default": "textures/entity/plane"
      },
      "geometry": {
        "default": "geometry.plane"
      },
      "scripts": {
        "animate": [
          "controller"
        ]
      },
      "animations": {
        "controller": "controller.animation.plane",
        "stop": "animation.plane.stop",
        "walk": "animation.plane.walk",
        "fly": "animation.plane.fly"
      },
      "spawn_egg": {
        "texture": "plane",
        "texture_index": 0
      },
      "render_controllers": [
        "controller.render.skeleton"
      ],
      "enable_attachables": false
    }
  }
}
                                                
                                                
                                                
                                                
                                                
                                                
                                                
                                                
                                                
                                                
                                                
                                                
                                                
                                                
                                                
                                                
                                                
                                                
                                                
                                                
                                                
                                                
                                                
                                                
                                                
                                                
                                                
                                                
                                                
                                                
                                                
                                                
                                                
                                                
                                                
                                                
                                                
                                                
                                                
                                                
                                                
                                                
                                                
                                                
                                                
                                                
                                                
                                                
                                                
                                                
                                                
                                                
                                                
                                                
                                                
                                                
                                                
                                                
                                                
                                                
                                                
                                                
                                                
                                                
                                                
                                                
                                                
                                                
                                                
                                                
                                                
                                                
                                                
                                                
                                                
                                                
                                                
                                                
                                                
                                                
                                                
                                                
                                                
                                                
                                                
                                                
                                                
                                                
                                                
                                                
                                                
                                                
                                                
                                                
                                                
                                                
                                                
                                                
                                                
                                                
                                                
                                                
                                                
                                                
                                                
                                                
                                                
                                                
                                                
                                                
                                                
                                                
                                                
                                                
                                                
                                                
                                                
                                                
                                                
                                                
                                                
                                                
                                                
                                                
                                                
                                                
                                                
                                                
                                                
                                                
                                                
                                                
                                                
                                                
                                                
                                                
                                                
                                                
                                                
                                                
                                                
                                                
                                                
                                                
                                                
                                                
                                                
                                                
                                                
                                                
                                                
                                                
                                                