{
	"format_version": "1.12.0",
	"minecraft:geometry": [
		{
			"description": {
				"identifier": "geometry.plane",
				"texture_width": 256,
				"texture_height": 256,
				"visible_bounds_width": 8,
				"visible_bounds_height": 3.5,
				"visible_bounds_offset": [0, 1.25, 0]
			},
			"bones": [
				{
					"name": "root",
					"pivot": [0, 14, 4]
				},
				{
					"name": "bone",
					"parent": "root",
					"pivot": [0, 14, 0],
					"cubes": [
						{"origin": [-8, 6, -4], "size": [16, 7, 16], "uv": [0, 70]},
						{"origin": [-6, 8, 20], "size": [12, 12, 19], "uv": [68, 48]},
						{"origin": [-3, 6, 39], "size": [6, 23, 12], "uv": [48, 103]},
						{"origin": [-48, 30, -4], "size": [96, 2, 16], "uv": [0, 18]},
						{"origin": [-4, 10, -18], "size": [8, 8, 6], "uv": [84, 130]},
						{"origin": [15, 0, -4], "size": [0, 13, 16], "uv": [0, 117]},
						{"origin": [-15, 0, -4], "size": [0, 13, 16], "uv": [122, 79]},
						{"origin": [0, 0, 25], "size": [0, 8, 19], "uv": [84, 103]},
						{"origin": [-16, 13, 39], "size": [32, 2, 10], "uv": [68, 36]},
						{"origin": [-8, 6, 12], "size": [16, 16, 8], "uv": [64, 79]},
						{"origin": [-8, 6, -12], "size": [16, 16, 8], "uv": [0, 93]},
						{"origin": [-8, 15, -4], "size": [2, 7, 16], "uv": [122, 108]},
						{"origin": [6, 15, -4], "size": [2, 7, 16], "uv": [130, 48]},
						{"origin": [-6, 15, -2], "size": [12, 12, 0], "pivot": [0, 21, -2], "rotation": [30, 0, 0], "uv": [112, 131]},
						{"origin": [26, 14, 7], "size": [3, 17, 3], "pivot": [27.5, 22.5, 8.5], "rotation": [0, 0, 15], "uv": [32, 117]},
						{"origin": [26, 14, -2], "size": [3, 17, 3], "pivot": [27.5, 22.5, -0.5], "rotation": [0, 0, 15], "uv": [136, 131]},
						{"origin": [-48, 13, -4], "size": [96, 2, 16], "uv": [0, 18]},
						{"origin": [-29, 14, -2], "size": [3, 17, 3], "pivot": [-27.5, 22.5, -0.5], "rotation": [0, 0, -15], "uv": [136, 131], "mirror": true},
						{"origin": [-29, 14, 7], "size": [3, 17, 3], "pivot": [-27.5, 22.5, 8.5], "rotation": [0, 0, -15], "uv": [32, 117], "mirror": true}
					]
				},
				{
					"name": "helice",
					"parent": "bone",
					"pivot": [0, 14, -15],
					"cubes": [
						{"origin": [-17, -3, -15], "size": [34, 34, 0], "uv": [0, 36]}
					]
				}
			]
		}
	]
}